{"cameraMode":{"drawMode":0,"name":"Shaded","section":"Shading Mode"},"sceneLighting":false,"audioPlay":false,"sceneViewState":{"showFog":true,"showMaterialUpdate":true,"showSkybox":false,"showFlares":true,"showImageEffects":true,"showParticleSystems":true},"in2DMode":false,"pivot":{"x":-0.7645528316497803,"y":0.48777472972869875,"z":0.9017436504364014},"rotation":{"x":-0.12355360388755799,"y":0.8141315579414368,"z":-0.18788577616214753,"w":-0.5353726148605347},"size":3.6740288734436037,"orthographic":false}