{"cameraMode":{"drawMode":0,"name":"Shaded","section":"Shading Mode"},"sceneLighting":false,"audioPlay":false,"sceneViewState":{"showFog":true,"showMaterialUpdate":true,"showSkybox":true,"showFlares":true,"showImageEffects":true,"showParticleSystems":true},"in2DMode":false,"pivot":{"x":0.9469465613365173,"y":-1.7607111930847169,"z":2.919307231903076},"rotation":{"x":-0.3379078209400177,"y":-0.01100186724215746,"z":0.003946976270526648,"w":-0.9411326050758362},"size":10.0,"orthographic":false}